INSERT INTO `wp_termmeta` (`meta_id`, `term_id`, `meta_key`, `meta_value`) VALUES (1, 62, 'emp_class_check', '1'), (2, 62, '_job_class_term_color', '#b38867'), (3, 62, '_job_class_term_color_bg', 'rgba(179,136,103,0.2)'), (4, 63, 'emp_class_check', ''), (5, 64, 'emp_class_check', ''), (6, 65, 'emp_class_check', ''), (7, 102, 'product_count_product_cat', '4'), (8, 65, '_job_class_term_color', '#ffbb00'), (9, 65, '_job_class_term_color_bg', 'rgba(255,187,0,0.2)'), (10, 64, '_job_class_term_color', '#27d100'), (11, 64, '_job_class_term_color_bg', 'rgba(39,209,0,0.2)'), (12, 63, '_job_class_term_color', '#fa7a56'), (13, 63, '_job_class_term_color_bg', 'rgba(250,122,86,0.2)'), (14, 197, 'emp_class_check', '1'), (15, 197, '_job_class_term_color', '#fff'), (16, 197, '_job_class_term_color_bg', '#fff'), (17, 21, '_job_type_term_color', '#fff'), (18, 21, '_job_type_term_color_bg', '#fff'), (19, 20, '_job_type_term_color', '#fff'), (20, 20, '_job_type_term_color_bg', '#fff'), (21, 22, '_job_type_term_color', '#fff'), (22, 22, '_job_type_term_color_bg', '#fff'), (23, 24, '_job_type_term_color', '#fff'), (24, 24, '_job_type_term_color_bg', '#fff'), (25, 23, '_job_type_term_color', '#fff'), (26, 23, '_job_type_term_color_bg', '#fff');   

INSERT INTO `wp_terms` (`term_id`, `name`, `slug`, `term_group`) VALUES (1, 'Uncategorized', 'uncategorized', 0), (2, 'Latest News &amp; Advice', 'latest-news-advice', 0), (3, 'Career Tips', 'career-tips', 0), (4, 'INTERVIEW QUESTIONS &amp; TIPS', 'interview-questions-tips', 0), (5, 'Resume Writing Tips', 'resume-wiritng-tips', 0), (6, 'Tips For Employer', 'tips-for-employer', 0), (7, 'Tips For Interviewer', 'tips-for-interviewer', 0), (8, 'डिजाइनर', '%e0%a4%a1%e0%a4%bf%e0%a4%9c%e0%a4%be%e0%a4%87%e0%a4%a8%e0%a4%b0', 0), (9, 'सूचान प्रौद्योगिकी', '%e0%a4%b8%e0%a5%82%e0%a4%9a%e0%a4%be%e0%a4%a8-%e0%a4%aa%e0%a5%8d%e0%a4%b0%e0%a5%8c%e0%a4%a6%e0%a5%8d%e0%a4%af%e0%a5%8b%e0%a4%97%e0%a4%bf%e0%a4%95%e0%a5%80', 0), (10, 'विपणन', '%e0%a4%b5%e0%a4%bf%e0%a4%aa%e0%a4%a3%e0%a4%a8', 0), (11, 'ग्राहक सेवा', '%e0%a4%97%e0%a5%8d%e0%a4%b0%e0%a4%be%e0%a4%b9%e0%a4%95-%e0%a4%b8%e0%a5%87%e0%a4%b5%e0%a4%be', 0), (12, 'मानव संसाधन', '%e0%a4%ae%e0%a4%be%e0%a4%a8%e0%a4%b5-%e0%a4%b8%e0%a4%82%e0%a4%b8%e0%a4%be%e0%a4%a7%e0%a4%a8', 0), (13, 'अभियांत्रिकी', '%e0%a4%85%e0%a4%ad%e0%a4%bf%e0%a4%af%e0%a4%be%e0%a4%82%e0%a4%a4%e0%a5%8d%e0%a4%b0%e0%a4%bf%e0%a4%95%e0%a5%80', 0), (14, 'सुरक्षा', '%e0%a4%b8%e0%a5%81%e0%a4%b0%e0%a4%95%e0%a5%8d%e0%a4%b7%e0%a4%be', 0), (15, 'एच आर', '%e0%a4%8f%e0%a4%9a-%e0%a4%86%e0%a4%b0', 0), (16, 'फिटनेस ट्रेनर', '%e0%a4%ab%e0%a4%bf%e0%a4%9f%e0%a4%a8%e0%a5%87%e0%a4%b8-%e0%a4%9f%e0%a5%8d%e0%a4%b0%e0%a5%87%e0%a4%a8%e0%a4%b0', 0), (17, 'नेटवर्किंग', '%e0%a4%a8%e0%a5%87%e0%a4%9f%e0%a4%b5%e0%a4%b0%e0%a5%8d%e0%a4%95%e0%a4%bf%e0%a4%82%e0%a4%97', 0), (18, 'सलाहकार', '%e0%a4%b8%e0%a4%b2%e0%a4%be%e0%a4%b9%e0%a4%95%e0%a4%be%e0%a4%b0', 0), (19, 'Freelance', 'freelance', 0), (20, 'फ्रीलांस', '%e0%a4%ab%e0%a5%8d%e0%a4%b0%e0%a5%80%e0%a4%b2%e0%a4%be%e0%a4%82%e0%a4%b8', 0), (21, 'अनुबंध', '%e0%a4%85%e0%a4%a8%e0%a5%81%e0%a4%ac%e0%a4%82%e0%a4%a7', 0), (22, 'इंटर्नशिप', '%e0%a4%87%e0%a4%82%e0%a4%9f%e0%a4%b0%e0%a5%8d%e0%a4%a8%e0%a4%b6%e0%a4%bf%e0%a4%aa', 0), (23, 'अस्थायी', '%e0%a4%85%e0%a4%b8%e0%a5%8d%e0%a4%a5%e0%a4%be%e0%a4%af%e0%a5%80', 0), (24, 'पार्ट टाईम', '%e0%a4%aa%e0%a4%be%e0%a4%b0%e0%a5%8d%e0%a4%9f-%e0%a4%9f%e0%a4%be%e0%a4%88%e0%a4%ae', 0), (25, 'मैनेजर', '%e0%a4%ae%e0%a5%88%e0%a4%a8%e0%a5%87%e0%a4%9c%e0%a4%b0', 0), (26, 'अफ़सर', '%e0%a4%85%e0%a4%ab%e0%a4%bc%e0%a4%b8%e0%a4%b0', 0), (27, 'छात्र', '%e0%a4%9b%e0%a4%be%e0%a4%a4%e0%a5%8d%e0%a4%b0', 0), (28, 'कार्यकारी अधिकारी', '%e0%a4%95%e0%a4%be%e0%a4%b0%e0%a5%8d%e0%a4%af%e0%a4%95%e0%a4%be%e0%a4%b0%e0%a5%80-%e0%a4%85%e0%a4%a7%e0%a4%bf%e0%a4%95%e0%a4%be%e0%a4%b0%e0%a5%80', 0), (29, '0-1000', '0-1000', 0), (30, '1000-2000', '1000-2000', 0), (31, '2000-3000', '2000-3000', 0), (32, '3000-4000', '3000-4000', 0), (33, '4000-5000', '4000-5000', 0), (34, 'महीने के', '%e0%a4%ae%e0%a4%b9%e0%a5%80%e0%a4%a8%e0%a5%87-%e0%a4%95%e0%a5%87', 0), (35, 'साप्ताहिक', '%e0%a4%b8%e0%a4%be%e0%a4%aa%e0%a5%8d%e0%a4%a4%e0%a4%be%e0%a4%b9%e0%a4%bf%e0%a4%95', 0), (36, 'प्रति घंटा', '%e0%a4%aa%e0%a5%8d%e0%a4%b0%e0%a4%a4%e0%a4%bf-%e0%a4%98%e0%a4%82%e0%a4%9f%e0%a4%be', 0), (37, 'सालाना', '%e0%a4%b8%e0%a4%be%e0%a4%b2%e0%a4%be%e0%a4%a8%e0%a4%be', 0), (38, 'पी एच पी', '%e0%a4%aa%e0%a5%80-%e0%a4%8f%e0%a4%9a-%e0%a4%aa%e0%a5%80', 0), (39, 'जे एस', '%e0%a4%9c%e0%a5%87-%e0%a4%8f%e0%a4%b8', 0), (40, 'डिज़ाइन बनाना', '%e0%a4%a1%e0%a4%bf%e0%a4%9c%e0%a4%bc%e0%a4%be%e0%a4%87%e0%a4%a8-%e0%a4%ac%e0%a4%a8%e0%a4%be%e0%a4%a8%e0%a4%be', 0), (41, 'एप्लीकेशन का विकास', '%e0%a4%8f%e0%a4%aa%e0%a5%8d%e0%a4%b2%e0%a5%80%e0%a4%95%e0%a5%87%e0%a4%b6%e0%a4%a8-%e0%a4%95%e0%a4%be-%e0%a4%b5%e0%a4%bf%e0%a4%95%e0%a4%be%e0%a4%b8', 0), (42, 'कला', '%e0%a4%95%e0%a4%b2%e0%a4%be', 0), (43, 'चित्र', '%e0%a4%9a%e0%a4%bf%e0%a4%a4%e0%a5%8d%e0%a4%b0', 0), (44, 'विकास', '%e0%a4%b5%e0%a4%bf%e0%a4%95%e0%a4%be%e0%a4%b8', 0), (45, 'मोडलिंग', '%e0%a4%ae%e0%a5%8b%e0%a4%a1%e0%a4%b2%e0%a4%bf%e0%a4%82%e0%a4%97', 0), (46, 'आर्किटेक्चर', '%e0%a4%86%e0%a4%b0%e0%a5%8d%e0%a4%95%e0%a4%bf%e0%a4%9f%e0%a5%87%e0%a4%95%e0%a5%8d%e0%a4%9a%e0%a4%b0', 0), (47, 'ताज़ा', '%e0%a4%a4%e0%a4%be%e0%a4%9c%e0%a4%bc%e0%a4%be', 0), (48, '1 साल', '1-%e0%a4%b8%e0%a4%be%e0%a4%b2', 0), (49, '2 साल', '2-%e0%a4%b8%e0%a4%be%e0%a4%b2', 0), (50, '3 साल', '3-%e0%a4%b8%e0%a4%be%e0%a4%b2', 0), (51, '4 साल', '4-%e0%a4%b8%e0%a4%be%e0%a4%b2', 0), (52, '5 साल', '5-%e0%a4%b8%e0%a4%be%e0%a4%b2', 0), (53, '$', '%e0%a4%a1%e0%a5%89%e0%a4%b2%e0%a4%b0', 0), (54, '₹', '%e0%a4%b0%e0%a5%81%e0%a4%aa%e0%a4%af%e0%a5%87', 0), (55, '£', '%e0%a4%aa%e0%a5%8c%e0%a4%82%e0%a4%a1', 0), (56, 'د.إ', '%d8%af-%d8%a5', 0), (57, '€', '%e0%a4%af%e0%a5%82%e0%a4%b0%e0%a5%8b', 0), (58, 'सुबह', '%e0%a4%b8%e0%a5%81%e0%a4%ac%e0%a4%b9', 0), (59, 'शाम', '%e0%a4%b6%e0%a4%be%e0%a4%ae', 0), (60, 'रात', '%e0%a4%b0%e0%a4%be%e0%a4%a4', 0), (61, 'गोल', '%e0%a4%97%e0%a5%8b%e0%a4%b2', 0), (62, 'स्पॉटलाइट', '%e0%a4%b8%e0%a5%8d%e0%a4%aa%e0%a5%89%e0%a4%9f%e0%a4%b2%e0%a4%be%e0%a4%87%e0%a4%9f', 0), (63, 'फ़ीचर', '%e0%a4%ab%e0%a4%bc%e0%a5%80%e0%a4%9a%e0%a4%b0', 0), (64, 'अति आवश्यक', '%e0%a4%85%e0%a4%a4%e0%a4%bf-%e0%a4%86%e0%a4%b5%e0%a4%b6%e0%a5%8d%e0%a4%af%e0%a4%95', 0), (65, 'निजी', '%e0%a4%a8%e0%a4%bf%e0%a4%9c%e0%a5%80', 0), (66, 'अमेरीका', '%e0%a4%85%e0%a4%ae%e0%a5%87%e0%a4%b0%e0%a5%80%e0%a4%95%e0%a4%be', 0), (67, 'अलबामा', 'albama', 0), (68, 'एनिस्टन', 'anniston', 0), (70, 'इंडिया', '%e0%a4%87%e0%a4%82%e0%a4%a1%e0%a4%bf%e0%a4%af%e0%a4%be', 0), (71, 'दिल्ली', '%e0%a4%a6%e0%a4%bf%e0%a4%b2%e0%a5%8d%e0%a4%b2%e0%a5%80', 0), (72, 'नई दिल्ली', '%e0%a4%a8%e0%a4%88-%e0%a4%a6%e0%a4%bf%e0%a4%b2%e0%a5%8d%e0%a4%b2%e0%a5%80', 0), (73, 'यू ए ई', '%e0%a4%af%e0%a5%82-%e0%a4%8f-%e0%a4%88', 0), (74, 'दुबई', 'dubai', 0), (75, 'मरीना', 'marina', 0), (76, 'जर्मनी', '%e0%a4%9c%e0%a4%b0%e0%a5%8d%e0%a4%ae%e0%a4%a8%e0%a5%80', 0), (77, 'हैम्बर्ग', 'hamburg', 0), (78, 'बर्लिन', 'berlin', 0), (79, 'उद्योग', '%e0%a4%89%e0%a4%a6%e0%a5%8d%e0%a4%af%e0%a5%8b%e0%a4%97', 0), (80, 'मोटर वाहन', '%e0%a4%ae%e0%a5%8b%e0%a4%9f%e0%a4%b0-%e0%a4%b5%e0%a4%be%e0%a4%b9%e0%a4%a8', 0), (81, 'स्वास्थ्य और देखभाल', '%e0%a4%b8%e0%a5%8d%e0%a4%b5%e0%a4%be%e0%a4%b8%e0%a5%8d%e0%a4%a5%e0%a5%8d%e0%a4%af-%e0%a4%94%e0%a4%b0-%e0%a4%a6%e0%a5%87%e0%a4%96%e0%a4%ad%e0%a4%be%e0%a4%b2', 0), (82, 'वेब विकास', '%e0%a4%b5%e0%a5%87%e0%a4%ac-%e0%a4%b5%e0%a4%bf%e0%a4%95%e0%a4%be%e0%a4%b8', 0), (83, 'शिक्षा', '%e0%a4%b6%e0%a4%bf%e0%a4%95%e0%a5%8d%e0%a4%b7%e0%a4%be', 0), (84, 'डिजिटल सेवा', '%e0%a4%a1%e0%a4%bf%e0%a4%9c%e0%a4%bf%e0%a4%9f%e0%a4%b2-%e0%a4%b8%e0%a5%87%e0%a4%b5%e0%a4%be', 0), (85, 'अन्य सेवाएं', '%e0%a4%85%e0%a4%a8%e0%a5%8d%e0%a4%af-%e0%a4%b8%e0%a5%87%e0%a4%b5%e0%a4%be%e0%a4%8f%e0%a4%82', 0), (86, 'खाद्य सेवा', '%e0%a4%96%e0%a4%be%e0%a4%a6%e0%a5%8d%e0%a4%af-%e0%a4%b8%e0%a5%87%e0%a4%b5%e0%a4%be', 0), (87, 'वेब डिजाइनर', '%e0%a4%b5%e0%a5%87%e0%a4%ac-%e0%a4%a1%e0%a4%bf%e0%a4%9c%e0%a4%be%e0%a4%87%e0%a4%a8%e0%a4%b0', 0), (88, 'निर्माण', '%e0%a4%a8%e0%a4%bf%e0%a4%b0%e0%a5%8d%e0%a4%ae%e0%a4%be%e0%a4%a3', 0), (89, 'simple', 'simple', 0), (90, 'grouped', 'grouped', 0), (91, 'variable', 'variable', 0), (92, 'external', 'external', 0), (93, 'exclude-from-search', 'exclude-from-search', 0), (94, 'exclude-from-catalog', 'exclude-from-catalog', 0), (95, 'featured', 'featured', 0), (96, 'outofstock', 'outofstock', 0), (97, 'rated-1', 'rated-1', 0), (98, 'rated-2', 'rated-2', 0), (99, 'rated-3', 'rated-3', 0), (100, 'rated-4', 'rated-4', 0), (101, 'rated-5', 'rated-5', 0), (102, 'Uncategorized', 'uncategorized', 0), (103, 'अविवाहित', '%e0%a4%85%e0%a4%b5%e0%a4%bf%e0%a4%b5%e0%a4%be%e0%a4%b9%e0%a4%bf%e0%a4%a4', 0), (104, 'स्वामी', '%e0%a4%b8%e0%a5%8d%e0%a4%b5%e0%a4%be%e0%a4%ae%e0%a5%80', 0), (105, 'पी एच डी', '%e0%a4%aa%e0%a5%80-%e0%a4%8f%e0%a4%9a-%e0%a4%a1%e0%a5%80', 0), (106, 'पीएचपी', '%e0%a4%aa%e0%a5%80%e0%a4%8f%e0%a4%9a%e0%a4%aa%e0%a5%80', 0), (107, '.नेट', '%e0%a4%a8%e0%a5%87%e0%a4%9f', 0), (108, 'marketting', 'marketting', 0), (109, 'working', 'working', 0), (110, 'sales', 'sales', 0), (111, 'data entry', 'data-entry', 0), (112, 'work at ome', 'work-at-ome', 0), (113, 'fresher can apply', 'fresher-can-apply', 0), (114, 'प्रबंध', '%e0%a4%aa%e0%a5%8d%e0%a4%b0%e0%a4%ac%e0%a4%82%e0%a4%a7', 0), (116, 'ऑस्ट्रेलिया', '%e0%a4%91%e0%a4%b8%e0%a5%8d%e0%a4%9f%e0%a5%8d%e0%a4%b0%e0%a5%87%e0%a4%b2%e0%a4%bf%e0%a4%af%e0%a4%be', 0), (117, 'manager', 'manager', 0), (118, 'Designs', 'designs', 0), (119, 'IOS', 'ios', 0), (120, 'DEVELOPER', 'developer', 0), (121, 'ANDRIOD', 'andriod', 0), (122, 'seo', 'seo', 0), (123, 'smm', 'smm', 0), (124, 'sme', 'sme', 0), (125, 'smo', 'smo', 0), (126, 'marketing', 'marketing', 0), (127, 'SEO', 'seo', 0), (128, 'SMM', 'social-media-marketing', 0), (129, 'Hardware', 'hardware', 0), (130, 'design', 'design', 0), (131, 'development', 'development', 0), (132, 'पाकिस्तान', '%e0%a4%aa%e0%a4%be%e0%a4%95%e0%a4%bf%e0%a4%b8%e0%a5%8d%e0%a4%a4%e0%a4%be%e0%a4%a8', 0), (133, 'पंजाब', 'punjab', 0), (134, 'लाहौर', 'lahore', 0), (136, 'color', 'color', 0), (137, 'arts', 'arts', 0), (138, 'paints', 'paints', 0), (139, 'Assistant', 'assistant', 0), (140, 'executive', 'executive', 0), (141, 'motors', 'motors', 0), (142, 'customer service', 'customer-service', 0), (143, 'customer care', 'customer-care', 0), (144, 'पाक कला', '%e0%a4%aa%e0%a4%be%e0%a4%95-%e0%a4%95%e0%a4%b2%e0%a4%be', 0), (145, 'पेरूवियन व्यंजन', '%e0%a4%aa%e0%a5%87%e0%a4%b0%e0%a5%82%e0%a4%b5%e0%a4%bf%e0%a4%af%e0%a4%a8-%e0%a4%b5%e0%a5%8d%e0%a4%af%e0%a4%82%e0%a4%9c%e0%a4%a8', 0), (146, 'Rms', 'rms', 0), (147, 'officer', 'officer', 0), (148, 'oracle', 'oracle', 0), (149, 'specialist', 'specialist', 0), (150, 'test', 'test', 0), (151, 'Team Management', 'team-management', 0), (152, 'धीरज', '%e0%a4%a7%e0%a5%80%e0%a4%b0%e0%a4%9c', 0), (153, 'प्रतिबद्धता', '%e0%a4%aa%e0%a5%8d%e0%a4%b0%e0%a4%a4%e0%a4%bf%e0%a4%ac%e0%a4%a6%e0%a5%8d%e0%a4%a7%e0%a4%a4%e0%a4%be', 0), (154, 'Team Work', 'team-work', 0), (155, 'लचीलापन', '%e0%a4%b2%e0%a4%9a%e0%a5%80%e0%a4%b2%e0%a4%be%e0%a4%aa%e0%a4%a8', 0), (156, 'Stress Management', 'stress-management', 0), (157, 'Sterilization', 'sterilization', 0), (158, 'Technician', 'technician', 0), (159, 'web', 'web', 0), (160, 'php', 'php', 0), (161, 'designing', 'designing', 0), (162, 'back-end', 'back-end', 0), (163, 'शिक्षा', '%e0%a4%b6%e0%a4%bf%e0%a4%95%e0%a5%8d%e0%a4%b7%e0%a4%be', 0), (164, 'js', 'js', 0), (165, 'my sql', 'my-sql', 0), (166, 'linux', 'linux', 0), (167, 'it staff', 'it-staff', 0), (168, 'IT Assistant', 'it-assistant', 0), (169, 'Information tech', 'information-tech', 0), (170, 'HR', 'hr', 0), (171, 'विश्लेषणात्मक कौशल', '%e0%a4%b5%e0%a4%bf%e0%a4%b6%e0%a5%8d%e0%a4%b2%e0%a5%87%e0%a4%b7%e0%a4%a3%e0%a4%be%e0%a4%a4%e0%a5%8d%e0%a4%ae%e0%a4%95-%e0%a4%95%e0%a5%8c%e0%a4%b6%e0%a4%b2', 0), (172, 'trainings', 'trainings', 0), (173, 'संचार कौशल', '%e0%a4%b8%e0%a4%82%e0%a4%9a%e0%a4%be%e0%a4%b0-%e0%a4%95%e0%a5%8c%e0%a4%b6%e0%a4%b2', 0), (174, 'हेस्से', 'hesse', 0), (175, 'फ्रैंकफर्ट', 'frankfurt', 0), (177, 'कसेल', 'kassel', 0), (178, 'ब्रांडेनबर्ग गेट', 'brandenburg-gate', 0), (179, 'बर्लिन की दीवार', 'berlin-wall', 0), (180, 'संग्रहालय द्वीप', 'museum-island', 0), (181, 'मिनीटार वंडरलैंड', 'miniatur-wunderland', 0), (183, 'विक्टोरिया', 'victoria', 0), (184, 'अबु धाबी', 'abu-dhabi', 0), (185, 'शारजाह', 'sharjah', 0), (186, 'कतर', 'qatar', 0), (187, 'बहरीन', 'bahrain', 0), (189, 'अरद, बहरीन', 'arad-bahrain', 0), (190, 'मुहर्रक़', 'muharraq', 0), (191, 'खाद्य उत्पाद', '%e0%a4%96%e0%a4%be%e0%a4%a6%e0%a5%8d%e0%a4%af-%e0%a4%89%e0%a4%a4%e0%a5%8d%e0%a4%aa%e0%a4%be%e0%a4%a6', 0), (192, 'R&amp;D manager', 'rd-manager', 0), (193, 'food service', 'food-service', 0), (194, 'sql', 'sql', 0), (195, 'jquery', 'jquery', 0), (196, 'HTML', 'html', 0), (197, 'देखें', '%e0%a4%a6%e0%a5%87%e0%a4%96%e0%a5%87%e0%a4%82', 0), (198, 'खाना बनाना', '%e0%a4%96%e0%a4%be%e0%a4%a8%e0%a4%be-%e0%a4%ac%e0%a4%a8%e0%a4%be%e0%a4%a8%e0%a4%be', 0), (199, 'chef', 'chef', 0), (200, 'Continental', 'continental', 0), (201, 'fast food', 'fast-food', 0), (202, 'backup engineer', 'backup-engineer', 0), (204, 'विकास', '%e0%a4%b5%e0%a4%bf%e0%a4%95%e0%a4%be%e0%a4%b8', 0), (205, 'खेल', '%e0%a4%96%e0%a5%87%e0%a4%b2', 0), (206, 'ऐप्स', '%e0%a4%90%e0%a4%aa%e0%a5%8d%e0%a4%b8', 0), (207, 'मॉडल टाउन', 'model-town', 0), (208, 'मैं ओ एस', '%e0%a4%ae%e0%a5%88%e0%a4%82-%e0%a4%93-%e0%a4%8f%e0%a4%b8', 0), (209, 'एंड्रॉयड', '%e0%a4%8f%e0%a4%82%e0%a4%a1%e0%a5%8d%e0%a4%b0%e0%a5%89%e0%a4%af%e0%a4%a1', 0), (210, 'प्रतिक्रिया मूल करें', '%e0%a4%aa%e0%a5%8d%e0%a4%b0%e0%a4%a4%e0%a4%bf%e0%a4%95%e0%a5%8d%e0%a4%b0%e0%a4%bf%e0%a4%af%e0%a4%be-%e0%a4%ae%e0%a5%82%e0%a4%b2-%e0%a4%95%e0%a4%b0%e0%a5%87%e0%a4%82', 0), (211, 'tag', 'tag', 0), (212, 'W', 'w', 0), (213, 'P', 'p', 0), (214, 'ETC', 'etc', 0), (215, 'editor', 'editor', 0), (216, 'asdad', 'asdad', 0), (217, 'sdfsf', 'sdfsf', 0), (218, 'фывфыв', '%d1%84%d1%8b%d0%b2%d1%84%d1%8b%d0%b2', 0), (219, 'dfgdfg', 'dfgdfg', 0), (220, '1111111111111', '1111111111111', 0), (221, 'विपणन', '%e0%a4%b5%e0%a4%bf%e0%a4%aa%e0%a4%a3%e0%a4%a8', 0), (222, 'काम', '%e0%a4%95%e0%a4%be%e0%a4%ae', 0), (223, 'सहायक', '%e0%a4%b8%e0%a4%b9%e0%a4%be%e0%a4%af%e0%a4%95', 0), (224, 'डिज़ाइन', '%e0%a4%a1%e0%a4%bf%e0%a4%9c%e0%a4%bc%e0%a4%be%e0%a4%87%e0%a4%a8', 0), (225, 'परीक्षा', '%e0%a4%aa%e0%a4%b0%e0%a5%80%e0%a4%95%e0%a5%8d%e0%a4%b7%e0%a4%be', 0), (226, 'बैकअप इंजीनियर', '%e0%a4%ac%e0%a5%88%e0%a4%95%e0%a4%85%e0%a4%aa-%e0%a4%87%e0%a4%82%e0%a4%9c%e0%a5%80%e0%a4%a8%e0%a4%bf%e0%a4%af%e0%a4%b0', 0), (227, 'प्रबंध', '%e0%a4%aa%e0%a5%8d%e0%a4%b0%e0%a4%ac%e0%a4%82%e0%a4%a7', 0), (228, 'सूचना तकनीक', '%e0%a4%b8%e0%a5%82%e0%a4%9a%e0%a4%a8%e0%a4%be-%e0%a4%a4%e0%a4%95%e0%a4%a8%e0%a5%80%e0%a4%95', 0), (229, 'कार्यकारी मोटर बिक्री', '%e0%a4%95%e0%a4%be%e0%a4%b0%e0%a5%8d%e0%a4%af%e0%a4%95%e0%a4%be%e0%a4%b0%e0%a5%80-%e0%a4%ae%e0%a5%8b%e0%a4%9f%e0%a4%b0-%e0%a4%ac%e0%a4%bf%e0%a4%95%e0%a5%8d%e0%a4%b0%e0%a5%80', 0), (230, 'विकास', '%e0%a4%b5%e0%a4%bf%e0%a4%95%e0%a4%be%e0%a4%b8', 0), (231, 'हार्डवेयर', '%e0%a4%b9%e0%a4%be%e0%a4%b0%e0%a5%8d%e0%a4%a1%e0%a4%b5%e0%a5%87%e0%a4%af%e0%a4%b0', 0), (232, 'डेवलपर', '%e0%a4%a1%e0%a5%87%e0%a4%b5%e0%a4%b2%e0%a4%aa%e0%a4%b0', 0), (233, 'घर पर कार्य करना', '%e0%a4%98%e0%a4%b0-%e0%a4%aa%e0%a4%b0-%e0%a4%95%e0%a4%be%e0%a4%b0%e0%a5%8d%e0%a4%af-%e0%a4%95%e0%a4%b0%e0%a4%a8%e0%a4%be', 0), (234, 'क्लर्क', '%e0%a4%95%e0%a5%8d%e0%a4%b2%e0%a4%b0%e0%a5%8d%e0%a4%95', 0), (235, 'प्रबंधक', '%e0%a4%aa%e0%a5%8d%e0%a4%b0%e0%a4%ac%e0%a4%82%e0%a4%a7%e0%a4%95', 0), (236, 'महाराज', '%e0%a4%ae%e0%a4%b9%e0%a4%be%e0%a4%b0%e0%a4%be%e0%a4%9c', 0), (237, 'महाद्वीपीय', '%e0%a4%ae%e0%a4%b9%e0%a4%be%e0%a4%a6%e0%a5%8d%e0%a4%b5%e0%a5%80%e0%a4%aa%e0%a5%80%e0%a4%af', 0), (238, 'फास्ट फूड', '%e0%a4%ab%e0%a4%be%e0%a4%b8%e0%a5%8d%e0%a4%9f-%e0%a4%ab%e0%a5%82%e0%a4%a1', 0), (239, 'खाद्य सेवा', '%e0%a4%96%e0%a4%be%e0%a4%a6%e0%a5%8d%e0%a4%af-%e0%a4%b8%e0%a5%87%e0%a4%b5%e0%a4%be', 0), (240, 'वेब', '%e0%a4%b5%e0%a5%87%e0%a4%ac', 0), (241, 'बैक-एंड', '%e0%a4%ac%e0%a5%88%e0%a4%95-%e0%a4%8f%e0%a4%82%e0%a4%a1', 0), (242, 'डिज़ाइन बनाना', '%e0%a4%a1%e0%a4%bf%e0%a4%9c%e0%a4%bc%e0%a4%be%e0%a4%87%e0%a4%a8-%e0%a4%ac%e0%a4%a8%e0%a4%be%e0%a4%a8%e0%a4%be', 0), (243, 'बंध्याकरण', '%e0%a4%ac%e0%a4%82%e0%a4%a7%e0%a5%8d%e0%a4%af%e0%a4%be%e0%a4%95%e0%a4%b0%e0%a4%a3', 0), (244, 'तकनीशियन', '%e0%a4%a4%e0%a4%95%e0%a4%a8%e0%a5%80%e0%a4%b6%e0%a4%bf%e0%a4%af%e0%a4%a8', 0), (245, 'अफ़सर', '%e0%a4%85%e0%a4%ab%e0%a4%bc%e0%a4%b8%e0%a4%b0', 0), (246, 'ग्राहक सेवा', '%e0%a4%97%e0%a5%8d%e0%a4%b0%e0%a4%be%e0%a4%b9%e0%a4%95-%e0%a4%b8%e0%a5%87%e0%a4%b5%e0%a4%be', 0), (247, 'कला', '%e0%a4%95%e0%a4%b2%e0%a4%be', 0), (248, 'रंग की', '%e0%a4%b0%e0%a4%82%e0%a4%97-%e0%a4%95%e0%a5%80', 0), (249, 'पेंट', '%e0%a4%aa%e0%a5%87%e0%a4%82%e0%a4%9f', 0), (250, 'मेन्यू', '%e0%a4%ae%e0%a5%87%e0%a4%a8%e0%a5%8d%e0%a4%af%e0%a5%82', 0), (251, 'Main Menu', 'main-menu', 0), (252, 'Engineering', 'engineering', 0), (253, 'Food Service', 'food-service', 0), (254, 'Information Technology', 'information-technology', 0), (255, 'अमेरीका', 'usa', 0), (256, 'जर्मनी', 'germany', 0), (257, 'इंडिया', 'india', 0);  

INSERT INTO `wp_term_relationships` (`object_id`, `term_taxonomy_id`, `term_order`) VALUES (0, 117, 0), (0, 168, 0), (0, 169, 0), (24, 2, 0), (27, 3, 0), (31, 3, 0), (79, 5, 0), (86, 6, 0), (101, 7, 0), (111, 3, 0), (119, 2, 0), (127, 3, 0), (132, 5, 0), (136, 1, 0), (137, 4, 0), (142, 1, 0), (144, 3, 0), (243, 89, 0), (243, 102, 0), (252, 89, 0), (252, 102, 0), (253, 89, 0), (253, 102, 0), (254, 89, 0), (254, 102, 0), (268, 18, 0), (268, 20, 0), (268, 25, 0), (268, 33, 0), (268, 34, 0), (268, 40, 0), (268, 41, 0), (268, 43, 0), (268, 51, 0), (268, 54, 0), (268, 58, 0), (268, 63, 0), (268, 66, 0), (268, 104, 0), (268, 221, 0), (268, 222, 0), (269, 24, 0), (269, 27, 0), (269, 29, 0), (269, 34, 0), (269, 38, 0), (269, 40, 0), (269, 41, 0), (269, 43, 0), (269, 47, 0), (269, 54, 0), (269, 60, 0), (269, 64, 0), (269, 66, 0), (269, 67, 0), (269, 68, 0), (269, 84, 0), (269, 103, 0), (269, 233, 0), (269, 234, 0), (283, 20, 0), (283, 25, 0), (283, 31, 0), (283, 34, 0), (283, 50, 0), (283, 54, 0), (283, 58, 0), (283, 86, 0), (283, 103, 0), (283, 114, 0), (283, 116, 0), (283, 117, 0), (285, 9, 0), (285, 20, 0), (285, 26, 0), (285, 30, 0), (285, 34, 0), (285, 40, 0), (285, 44, 0), (285, 48, 0), (285, 54, 0), (285, 58, 0), (285, 66, 0), (285, 104, 0), (285, 232, 0), (294, 10, 0), (294, 24, 0), (294, 26, 0), (294, 30, 0), (294, 34, 0), (294, 50, 0), (294, 54, 0), (294, 59, 0), (294, 65, 0), (294, 66, 0), (294, 104, 0), (294, 122, 0), (294, 123, 0), (294, 124, 0), (294, 125, 0), (294, 126, 0), (294, 127, 0), (294, 128, 0), (296, 13, 0), (296, 20, 0), (296, 26, 0), (296, 30, 0), (296, 35, 0), (296, 44, 0), (296, 45, 0), (296, 46, 0), (296, 49, 0), (296, 54, 0), (296, 58, 0), (296, 66, 0), (296, 103, 0), (296, 224, 0), (296, 230, 0), (296, 231, 0), (297, 8, 0), (297, 20, 0), (297, 26, 0), (297, 32, 0), (297, 34, 0), (297, 42, 0), (297, 43, 0), (297, 48, 0), (297, 54, 0), (297, 58, 0), (297, 63, 0), (297, 103, 0), (297, 132, 0), (297, 247, 0), (297, 248, 0), (297, 249, 0), (298, 20, 0), (298, 28, 0), (298, 32, 0), (298, 34, 0), (298, 40, 0), (298, 50, 0), (298, 54, 0), (298, 58, 0), (298, 65, 0), (298, 66, 0), (298, 84, 0), (298, 104, 0), (298, 114, 0), (298, 221, 0), (298, 223, 0), (298, 224, 0), (301, 21, 0), (301, 28, 0), (301, 32, 0), (301, 35, 0), (301, 49, 0), (301, 54, 0), (301, 59, 0), (301, 70, 0), (301, 71, 0), (301, 80, 0), (301, 104, 0), (301, 114, 0), (301, 229, 0), (303, 11, 0), (303, 20, 0), (303, 28, 0), (303, 32, 0), (303, 34, 0), (303, 50, 0), (303, 57, 0), (303, 58, 0), (303, 76, 0), (303, 77, 0), (303, 103, 0), (303, 114, 0), (303, 142, 0), (303, 143, 0), (304, 11, 0), (304, 20, 0), (304, 28, 0), (304, 32, 0), (304, 34, 0), (304, 49, 0), (304, 54, 0), (304, 60, 0), (304, 76, 0), (304, 77, 0), (304, 104, 0), (304, 114, 0), (304, 246, 0), (312, 13, 0), (312, 20, 0), (312, 28, 0), (312, 32, 0), (312, 34, 0), (312, 45, 0), (312, 46, 0), (312, 49, 0), (312, 54, 0), (312, 58, 0), (312, 104, 0), (312, 132, 0), (312, 245, 0), (314, 20, 0), (314, 26, 0), (314, 31, 0), (314, 34, 0), (314, 49, 0), (314, 54, 0), (314, 58, 0), (314, 81, 0), (314, 103, 0), (314, 132, 0), (314, 133, 0), (314, 134, 0), (314, 151, 0), (314, 153, 0), (314, 154, 0), (314, 155, 0), (314, 156, 0), (314, 243, 0), (314, 244, 0), (315, 19, 0), (315, 26, 0), (315, 33, 0), (315, 36, 0), (315, 38, 0), (315, 44, 0), (315, 50, 0), (315, 54, 0), (315, 59, 0), (315, 70, 0), (315, 71, 0), (315, 87, 0), (315, 104, 0), (315, 127, 0), (315, 240, 0), (315, 241, 0), (315, 242, 0), (317, 22, 0), (317, 26, 0), (317, 32, 0), (317, 37, 0), (317, 38, 0), (317, 39, 0), (317, 45, 0), (317, 49, 0), (317, 54, 0), (317, 58, 0), (317, 73, 0), (317, 83, 0), (317, 104, 0), (317, 114, 0), (317, 151, 0), (317, 160, 0), (317, 164, 0), (317, 165, 0), (317, 166, 0), (317, 167, 0), (318, 9, 0), (318, 21, 0), (318, 28, 0), (318, 30, 0), (318, 37, 0), (318, 52, 0), (318, 54, 0), (318, 59, 0), (318, 76, 0), (318, 104, 0), (318, 114, 0), (318, 153, 0), (318, 154, 0), (318, 155, 0), (318, 228, 0), (320, 12, 0), (320, 20, 0), (320, 25, 0), (320, 30, 0), (320, 35, 0), (320, 52, 0), (320, 54, 0), (320, 58, 0), (320, 64, 0), (320, 73, 0), (320, 104, 0), (320, 155, 0), (320, 171, 0), (320, 173, 0), (320, 191, 0), (320, 227, 0), (324, 24, 0), (324, 25, 0), (324, 31, 0), (324, 36, 0), (324, 48, 0), (324, 54, 0), (324, 59, 0), (324, 86, 0), (324, 104, 0), (324, 132, 0), (324, 151, 0), (324, 153, 0), (324, 171, 0), (324, 239, 0), (325, 19, 0), (325, 28, 0), (325, 33, 0), (325, 37, 0), (325, 38, 0), (325, 39, 0), (325, 40, 0), (325, 44, 0), (325, 49, 0), (325, 54, 0), (325, 60, 0), (325, 76, 0), (325, 82, 0), (325, 105, 0), (325, 106, 0), (325, 120, 0), (325, 159, 0), (325, 160, 0), (325, 194, 0), (325, 195, 0), (325, 196, 0), (339, 20, 0), (339, 28, 0), (339, 33, 0), (339, 35, 0), (339, 52, 0), (339, 54, 0), (339, 59, 0), (339, 86, 0), (339, 103, 0), (339, 116, 0), (339, 128, 0), (339, 144, 0), (339, 151, 0), (339, 198, 0), (339, 236, 0), (339, 237, 0), (339, 238, 0), (340, 13, 0), (340, 21, 0), (340, 26, 0), (340, 31, 0), (340, 34, 0), (340, 51, 0), (340, 54, 0), (340, 61, 0), (340, 66, 0), (340, 104, 0), (340, 152, 0), (340, 153, 0), (340, 172, 0), (340, 173, 0), (340, 226, 0), (533, 89, 0), (533, 102, 0), (536, 89, 0), (536, 102, 0), (538, 89, 0), (538, 102, 0), (539, 89, 0), (539, 102, 0), (795, 11, 0), (795, 21, 0), (795, 26, 0), (795, 32, 0), (795, 35, 0), (795, 40, 0), (795, 49, 0), (795, 55, 0), (795, 60, 0), (795, 63, 0), (795, 76, 0), (795, 105, 0), (795, 235, 0), (842, 22, 0), (842, 26, 0), (842, 30, 0), (842, 37, 0), (842, 41, 0), (842, 52, 0), (842, 54, 0), (842, 61, 0), (842, 104, 0), (842, 116, 0), (842, 204, 0), (842, 206, 0), (842, 235, 0), (849, 23, 0), (849, 28, 0), (849, 32, 0), (849, 37, 0), (849, 43, 0), (849, 51, 0), (849, 54, 0), (849, 61, 0), (849, 76, 0), (849, 88, 0), (849, 105, 0), (849, 225, 0), (966, 16, 0), (966, 20, 0), (966, 27, 0), (966, 32, 0), (966, 35, 0), (966, 39, 0), (966, 41, 0), (966, 42, 0), (966, 48, 0), (966, 54, 0), (966, 59, 0), (966, 64, 0), (966, 66, 0), (966, 67, 0), (966, 68, 0), (966, 104, 0), (966, 235, 0), (1009, 251, 0), (1010, 251, 0), (1011, 251, 0), (1012, 251, 0), (1013, 251, 0), (1014, 251, 0), (1015, 251, 0), (1016, 251, 0), (1017, 251, 0), (1018, 251, 0), (1019, 251, 0), (1020, 251, 0), (1021, 251, 0), (1022, 251, 0), (1023, 251, 0), (1024, 251, 0), (1025, 251, 0), (1026, 251, 0), (1027, 251, 0), (1028, 251, 0), (1029, 251, 0), (1030, 251, 0), (1031, 251, 0), (1032, 251, 0), (1033, 251, 0), (1034, 251, 0), (1035, 251, 0), (1036, 251, 0), (1037, 251, 0), (1038, 251, 0), (1039, 251, 0), (1040, 251, 0), (1041, 251, 0), (1042, 251, 0), (1043, 251, 0), (1044, 251, 0), (1045, 251, 0), (1046, 251, 0), (1047, 251, 0), (1048, 251, 0), (1049, 251, 0), (1050, 251, 0), (1051, 251, 0), (1052, 251, 0), (1053, 251, 0), (1054, 251, 0), (1055, 251, 0);  

INSERT INTO `wp_term_taxonomy` (`term_taxonomy_id`, `term_id`, `taxonomy`, `description`, `parent`, `count`) VALUES (1, 1, 'category', '', 0, 1), (2, 2, 'category', '', 0, 2), (3, 3, 'category', '', 0, 5), (4, 4, 'category', '', 0, 1), (5, 5, 'category', '', 0, 2), (6, 6, 'category', '', 0, 1), (7, 7, 'category', '', 0, 1), (8, 8, 'job_category', '', 0, 1), (9, 9, 'job_category', '', 0, 2), (10, 10, 'job_category', '', 0, 1), (11, 11, 'job_category', '', 0, 2), (12, 12, 'job_category', '', 0, 1), (13, 13, 'job_category', '', 0, 3), (14, 14, 'job_category', '', 0, 0), (15, 15, 'job_category', '', 0, 0), (16, 16, 'job_category', '', 0, 1), (17, 17, 'job_category', '', 0, 0), (18, 18, 'job_category', '', 0, 1), (19, 19, 'job_type', '', 0, 2), (20, 20, 'job_type', '', 0, 12), (21, 21, 'job_type', '', 0, 4), (22, 22, 'job_type', '', 0, 2), (23, 23, 'job_type', '', 0, 1), (24, 24, 'job_type', '', 0, 3), (25, 25, 'job_level', '', 0, 4), (26, 26, 'job_level', '', 0, 10), (27, 27, 'job_level', '', 0, 2), (28, 28, 'job_level', '', 0, 8), (29, 29, 'job_salary', '', 0, 1), (30, 30, 'job_salary', '', 0, 6), (31, 31, 'job_salary', '', 0, 4), (32, 32, 'job_salary', '', 0, 9), (33, 33, 'job_salary', '', 0, 4), (34, 34, 'job_salary_type', '', 0, 11), (35, 35, 'job_salary_type', '', 0, 6), (36, 36, 'job_salary_type', '', 0, 2), (37, 37, 'job_salary_type', '', 0, 5), (38, 38, 'job_skills', '', 0, 4), (39, 39, 'job_skills', '', 0, 3), (40, 40, 'job_skills', '', 0, 6), (41, 41, 'job_skills', '', 0, 4), (42, 42, 'job_skills', '', 0, 2), (43, 43, 'job_skills', '', 0, 4), (44, 44, 'job_skills', '', 0, 4), (45, 45, 'job_skills', '', 0, 3), (46, 46, 'job_skills', '', 0, 2), (47, 47, 'job_experience', '', 0, 1), (48, 48, 'job_experience', '', 0, 4), (49, 49, 'job_experience', '', 0, 8), (50, 50, 'job_experience', '', 0, 4), (51, 51, 'job_experience', '', 0, 3), (52, 52, 'job_experience', '', 0, 4), (53, 53, 'job_currency', '', 0, 0), (54, 54, 'job_currency', '', 0, 23), (55, 55, 'job_currency', '', 0, 1), (56, 56, 'job_currency', '', 0, 0), (57, 57, 'job_currency', '', 0, 0), (58, 58, 'job_shift', '', 0, 10), (59, 59, 'job_shift', '', 0, 7), (60, 60, 'job_shift', '', 0, 4), (61, 61, 'job_shift', '', 0, 3), (62, 62, 'job_class', '', 0, 0), (63, 63, 'job_class', '', 0, 3), (64, 64, 'job_class', '', 0, 3), (65, 65, 'job_class', '', 0, 2), (66, 66, 'ad_location', '', 0, 8), (67, 67, 'ad_location', '', 66, 2), (68, 68, 'ad_location', '', 67, 2), (70, 70, 'ad_location', '', 0, 2), (71, 71, 'ad_location', '', 70, 2), (72, 72, 'ad_location', '', 0, 0), (73, 73, 'ad_location', '', 0, 2), (74, 74, 'ad_location', '', 73, 0), (75, 75, 'ad_location', '', 74, 0), (76, 76, 'ad_location', '', 0, 5), (77, 77, 'ad_location', '', 76, 1), (78, 78, 'ad_location', '', 76, 0), (79, 79, 'job_category', '', 0, 0), (80, 80, 'job_category', '', 0, 1), (81, 81, 'job_category', '', 0, 1), (82, 82, 'job_category', '', 0, 1), (83, 83, 'job_category', '', 0, 1), (84, 84, 'job_category', '', 0, 2), (85, 85, 'job_category', '', 0, 0), (86, 86, 'job_category', '', 0, 3), (87, 87, 'job_category', '', 0, 1), (88, 88, 'job_category', '', 0, 1), (89, 89, 'product_type', '', 0, 4), (90, 90, 'product_type', '', 0, 0), (91, 91, 'product_type', '', 0, 0), (92, 92, 'product_type', '', 0, 0), (93, 93, 'product_visibility', '', 0, 0), (94, 94, 'product_visibility', '', 0, 0), (95, 95, 'product_visibility', '', 0, 0), (96, 96, 'product_visibility', '', 0, 0), (97, 97, 'product_visibility', '', 0, 0), (98, 98, 'product_visibility', '', 0, 0), (99, 99, 'product_visibility', '', 0, 0), (100, 100, 'product_visibility', '', 0, 0), (101, 101, 'product_visibility', '', 0, 0), (102, 102, 'product_cat', '', 0, 4), (103, 103, 'job_qualifications', '', 0, 6), (104, 104, 'job_qualifications', '', 0, 15), (105, 105, 'job_qualifications', '', 0, 3), (106, 106, 'job_category', '', 82, 1), (107, 107, 'job_category', '', 82, 0), (108, 108, 'job_tags', '', 0, 0), (109, 109, 'job_tags', '', 0, 0), (110, 110, 'job_tags', '', 0, 0), (111, 111, 'job_tags', '', 0, 0), (112, 112, 'job_tags', '', 0, 0), (113, 113, 'job_tags', '', 0, 0), (114, 114, 'job_skills', '', 0, 6), (116, 116, 'ad_location', '', 0, 3), (117, 117, 'job_tags', '', 0, 1), (118, 118, 'job_tags', '', 0, 0), (119, 119, 'job_tags', '', 0, 0), (120, 120, 'job_tags', '', 0, 1), (121, 121, 'job_tags', '', 0, 0), (122, 122, 'job_tags', '', 0, 1), (123, 123, 'job_tags', '', 0, 1), (124, 124, 'job_tags', '', 0, 1), (125, 125, 'job_tags', '', 0, 1), (126, 126, 'job_tags', '', 0, 1), (127, 127, 'job_skills', '', 0, 2), (128, 128, 'job_skills', '', 0, 2), (129, 129, 'job_tags', '', 0, 0), (130, 130, 'job_tags', '', 0, 0), (131, 131, 'job_tags', '', 0, 0), (132, 132, 'ad_location', '', 0, 4), (133, 133, 'ad_location', '', 132, 1), (134, 134, 'ad_location', '', 133, 1), (136, 136, 'job_tags', '', 0, 0), (137, 137, 'job_tags', '', 0, 0), (138, 138, 'job_tags', '', 0, 0), (139, 139, 'job_tags', '', 0, 0), (140, 140, 'job_tags', '', 0, 0), (141, 141, 'job_tags', '', 0, 0), (142, 142, 'job_tags', '', 0, 0), (143, 143, 'job_tags', '', 0, 0), (144, 144, 'job_skills', '', 0, 1), (145, 145, 'job_skills', '', 0, 0), (146, 146, 'job_tags', '', 0, 0), (147, 147, 'job_tags', '', 0, 0), (148, 148, 'job_tags', '', 0, 0), (149, 149, 'job_tags', '', 0, 0), (150, 150, 'job_tags', '', 0, 0), (151, 151, 'job_skills', '', 0, 4), (152, 152, 'job_skills', '', 0, 1), (153, 153, 'job_skills', '', 0, 4), (154, 154, 'job_skills', '', 0, 2), (155, 155, 'job_skills', '', 0, 3), (156, 156, 'job_skills', '', 0, 1), (157, 157, 'job_tags', '', 0, 0), (158, 158, 'job_tags', '', 0, 0), (159, 159, 'job_tags', '', 0, 1), (160, 160, 'job_tags', '', 0, 2), (161, 161, 'job_tags', '', 0, 0), (162, 162, 'job_tags', '', 0, 0), (163, 163, 'job_skills', '', 0, 0), (164, 164, 'job_tags', '', 0, 1), (165, 165, 'job_tags', '', 0, 1), (166, 166, 'job_tags', '', 0, 1), (167, 167, 'job_tags', '', 0, 1), (168, 168, 'job_tags', '', 0, 0), (169, 169, 'job_tags', '', 0, 0), (170, 170, 'job_tags', '', 0, 0), (171, 171, 'job_skills', '', 0, 2), (172, 172, 'job_skills', '', 0, 1), (173, 173, 'job_skills', '', 0, 2), (174, 174, 'ad_location', '', 76, 0), (175, 175, 'ad_location', '', 78, 0), (177, 177, 'ad_location', '', 78, 0), (178, 178, 'ad_location', '', 174, 0), (179, 179, 'ad_location', '', 174, 0), (180, 180, 'ad_location', '', 174, 0), (181, 181, 'ad_location', '', 77, 0), (183, 183, 'ad_location', '', 116, 0), (184, 184, 'ad_location', '', 73, 0), (185, 185, 'ad_location', '', 73, 0), (186, 186, 'ad_location', '', 73, 0), (187, 187, 'ad_location', '', 73, 0), (189, 189, 'ad_location', '', 187, 0), (190, 190, 'ad_location', '', 187, 0), (191, 191, 'job_skills', '', 0, 1), (192, 192, 'job_tags', '', 0, 0), (193, 193, 'job_tags', '', 0, 0), (194, 194, 'job_tags', '', 0, 1), (195, 195, 'job_tags', '', 0, 1), (196, 196, 'job_tags', '', 0, 1), (197, 197, 'job_class', '', 0, 0), (198, 198, 'job_skills', '', 0, 1), (199, 199, 'job_tags', '', 0, 0), (200, 200, 'job_tags', '', 0, 0), (201, 201, 'job_tags', '', 0, 0), (202, 202, 'job_tags', '', 0, 0), (204, 204, 'job_category', '', 0, 1), (205, 205, 'job_category', '', 204, 0), (206, 206, 'job_category', '', 204, 1), (207, 207, 'ad_location', '', 134, 0), (208, 208, 'job_category', '', 206, 0), (209, 209, 'job_category', '', 206, 0), (210, 210, 'job_category', '', 209, 0), (211, 211, 'job_tags', '', 0, 0), (212, 212, 'job_tags', '', 0, 0), (213, 213, 'job_tags', '', 0, 0), (214, 214, 'job_tags', '', 0, 0), (215, 215, 'job_tags', '', 0, 0), (216, 216, 'job_tags', '', 0, 0), (217, 217, 'job_tags', '', 0, 0), (218, 218, 'job_tags', '', 0, 0), (219, 219, 'job_tags', '', 0, 0), (220, 220, 'job_tags', '', 0, 0), (221, 221, 'job_tags', '', 0, 2), (222, 222, 'job_tags', '', 0, 1), (223, 223, 'job_tags', '', 0, 1), (224, 224, 'job_tags', '', 0, 2), (225, 225, 'job_tags', '', 0, 1), (226, 226, 'job_tags', '', 0, 1), (227, 227, 'job_tags', '', 0, 1), (228, 228, 'job_tags', '', 0, 1), (229, 229, 'job_tags', '', 0, 1), (230, 230, 'job_tags', '', 0, 1), (231, 231, 'job_tags', '', 0, 1), (232, 232, 'job_tags', '', 0, 1), (233, 233, 'job_tags', '', 0, 1), (234, 234, 'job_tags', '', 0, 1), (235, 235, 'job_tags', '', 0, 3), (236, 236, 'job_tags', '', 0, 1), (237, 237, 'job_tags', '', 0, 1), (238, 238, 'job_tags', '', 0, 1), (239, 239, 'job_tags', '', 0, 1), (240, 240, 'job_tags', '', 0, 1), (241, 241, 'job_tags', '', 0, 1), (242, 242, 'job_tags', '', 0, 1), (243, 243, 'job_tags', '', 0, 1), (244, 244, 'job_tags', '', 0, 1), (245, 245, 'job_tags', '', 0, 1), (246, 246, 'job_tags', '', 0, 1), (247, 247, 'job_tags', '', 0, 1), (248, 248, 'job_tags', '', 0, 1), (249, 249, 'job_tags', '', 0, 1), (250, 250, 'nav_menu', '', 0, 0), (251, 251, 'nav_menu', '', 0, 47), (252, 252, 'job_category', '', 0, 0), (253, 253, 'job_category', '', 0, 0), (254, 254, 'job_category', '', 0, 0), (255, 255, 'ad_location', '', 0, 0), (256, 256, 'ad_location', '', 0, 0), (257, 257, 'ad_location', '', 0, 0);