INSERT INTO `wp_termmeta` (`meta_id`, `term_id`, `meta_key`, `meta_value`) VALUES (1, 62, 'emp_class_check', '1'), (2, 62, '_job_class_term_color', '#b38867'), (3, 62, '_job_class_term_color_bg', 'rgba(179,136,103,0.2)'), (4, 63, 'emp_class_check', ''), (5, 64, 'emp_class_check', ''), (6, 65, 'emp_class_check', ''), (7, 102, 'product_count_product_cat', '4'), (8, 65, '_job_class_term_color', '#ffbb00'), (9, 65, '_job_class_term_color_bg', 'rgba(255,187,0,0.2)'), (10, 64, '_job_class_term_color', '#27d100'), (11, 64, '_job_class_term_color_bg', 'rgba(39,209,0,0.2)'), (12, 63, '_job_class_term_color', '#fa7a56'), (13, 63, '_job_class_term_color_bg', 'rgba(250,122,86,0.2)'), (14, 197, 'emp_class_check', 'Select Option');


INSERT INTO `wp_terms` (`term_id`, `name`, `slug`, `term_group`) VALUES (1, 'Uncategorized', 'uncategorized', 0), (2, 'Latest News &amp; Advice', 'latest-news-advice', 0), (3, 'Career Tips', 'career-tips', 0), (4, 'INTERVIEW QUESTIONS &amp; TIPS', 'interview-questions-tips', 0), (5, 'Resume Writing Tips', 'resume-wiritng-tips', 0), (6, 'Tips For Employer', 'tips-for-employer', 0), (7, 'Tips For Interviewer', 'tips-for-interviewer', 0), (8, 'Designer', 'designer', 0), (9, 'Information Technology', 'information-technology', 0), (10, 'Marketing', 'marketing', 0), (11, 'Customer Service', 'customer-service', 0), (12, 'Human Resource', 'human-resource', 0), (13, 'Engineering', 'engineering', 0), (14, 'Security', 'security', 0), (15, 'HR', 'hr', 0), (16, 'Fitness Trainer', 'fitness-trainer', 0), (17, 'Networking', 'networking', 0), (18, 'Consultant', 'consultant', 0), (19, 'Freelance', 'freelance', 0), (20, 'Full time', 'full-time', 0), (21, 'Contract', 'contract', 0), (22, 'Internship', 'internship', 0), (23, 'Temporary', 'temporary', 0), (24, 'Part time', 'part-time', 0), (25, 'Manager', 'manager', 0), (26, 'Officer', 'officer', 0), (27, 'Student', 'student', 0), (28, 'Executive', 'executive', 0), (29, '0-1000', '0-1000', 0), (30, '1000-2000', '1000-2000', 0), (31, '2000-3000', '2000-3000', 0), (32, '3000-4000', '3000-4000', 0), (33, '4000-5000', '4000-5000', 0), (34, 'Monthly', 'monthly', 0), (35, 'Weekly', 'weekly', 0), (36, 'Hourly', 'hourly', 0), (37, 'Yearly', 'yearly', 0), (38, 'Php', 'php', 0), (39, 'JS', 'js', 0), (40, 'Designing', 'designing', 0), (41, 'Application development', 'application-development', 0), (42, 'Arts', 'arts', 0), (43, 'Painting', 'painting', 0), (44, 'Development', 'development', 0), (45, 'Modeling', 'modeling', 0), (46, 'Architecture', 'architecture', 0), (47, 'Fresh', 'fresh', 0), (48, '1 year', 'one-year', 0), (49, '2 year', '2-year', 0), (50, '3 year', '3-year', 0), (51, '4 year', '4-year', 0), (52, '5 year', '5-year', 0), (53, 'Dollar', 'dollar', 0), (54, 'Rupees', 'rupees', 0), (55, 'Pound', 'pound', 0), (56, 'Aed', 'aed', 0), (57, 'Euro', 'euro', 0), (58, 'Morning', 'morning', 0), (59, 'Evening', 'evening', 0), (60, 'Night', 'night', 0), (61, 'Round', 'round', 0), (62, 'Spotlight', 'regular', 0), (63, 'Feature', 'feature', 0), (64, 'Urgent', 'urgent', 0), (65, 'Private', 'private', 0), (66, 'USA', 'usa', 0), (67, 'Albama', 'albama', 0), (68, 'Anniston', 'anniston', 0), (69, 'Chickasaw', 'chickasaw', 0), (70, 'India', 'india', 0), (71, 'Delhi', 'delhi', 0), (72, 'New delhi', 'new-delhi', 0), (73, 'UAE', 'uae', 0), (74, 'Dubai', 'dubai', 0), (75, 'Marina', 'marina', 0), (76, 'Germany', 'germany', 0), (77, 'Hamburg', 'hamburg', 0), (78, 'Berlin', 'berlin', 0), (79, 'Industry', 'industry', 0), (80, 'Automotive', 'automotive', 0), (81, 'Health and Care', 'health-and-care', 0), (82, 'Web Development', 'web-development', 0), (83, 'Education', 'education', 0), (84, 'Digital Service', 'digital-service', 0), (85, 'Other Services', 'other-services', 0), (86, 'Food Service', 'food-service', 0), (87, 'Web Designer', 'web-designer', 0), (88, 'Construction', 'construction', 0), (89, 'simple', 'simple', 0), (90, 'grouped', 'grouped', 0), (91, 'variable', 'variable', 0), (92, 'external', 'external', 0), (93, 'exclude-from-search', 'exclude-from-search', 0), (94, 'exclude-from-catalog', 'exclude-from-catalog', 0), (95, 'featured', 'featured', 0), (96, 'outofstock', 'outofstock', 0), (97, 'rated-1', 'rated-1', 0), (98, 'rated-2', 'rated-2', 0), (99, 'rated-3', 'rated-3', 0), (100, 'rated-4', 'rated-4', 0), (101, 'rated-5', 'rated-5', 0), (102, 'Uncategorized', 'uncategorized', 0), (103, 'Bachelor', 'bachelor', 0), (104, 'Master', 'master', 0), (105, 'PHD', 'phd', 0), (106, 'Php', 'php', 0), (107, '.Net', 'net', 0), (108, 'marketting', 'marketting', 0), (109, 'working', 'working', 0), (110, 'sales', 'sales', 0), (111, 'data entry', 'data-entry', 0), (112, 'work at ome', 'work-at-ome', 0), (113, 'fresher can apply', 'fresher-can-apply', 0), (114, 'Management', 'restaurant', 0), (116, 'Australia', 'australia', 0), (117, 'manager', 'manager', 0), (118, 'Designs', 'designs', 0), (119, 'IOS', 'ios', 0), (120, 'DEVELOPER', 'developer', 0), (121, 'ANDRIOD', 'andriod', 0), (122, 'seo', 'seo', 0), (123, 'smm', 'smm', 0), (124, 'sme', 'sme', 0), (125, 'smo', 'smo', 0), (126, 'marketing', 'marketing', 0), (127, 'SEO', 'seo', 0), (128, 'SMM', 'social-media-marketing', 0), (129, 'Hardware', 'hardware', 0), (130, 'design', 'design', 0), (131, 'development', 'development', 0), (132, 'Pakistan', 'pakistan', 0), (133, 'Punjab', 'punjab', 0), (134, 'Lahore', 'lahore', 0), (136, 'color', 'color', 0), (137, 'arts', 'arts', 0), (138, 'paints', 'paints', 0), (139, 'Assistant', 'assistant', 0), (140, 'executive', 'executive', 0), (141, 'motors', 'motors', 0), (142, 'customer service', 'customer-service', 0), (143, 'customer care', 'customer-care', 0), (144, 'Culinary Arts', 'culinary-arts', 0), (145, 'Peruvian Cuisine', 'peruvian-cuisine', 0), (146, 'Rms', 'rms', 0), (147, 'officer', 'officer', 0), (148, 'oracle', 'oracle', 0), (149, 'specialist', 'specialist', 0), (150, 'test', 'test', 0), (151, 'Team Management', 'team-management', 0), (152, 'patience', 'patience', 0), (153, 'Commitment', 'commitment', 0), (154, 'Team Work', 'team-work', 0), (155, 'Flexibility', 'flexibility', 0), (156, 'Stress Management', 'stress-management', 0), (157, 'Sterilization', 'sterilization', 0), (158, 'Technician', 'technician', 0), (159, 'web', 'web', 0), (160, 'php', 'php', 0), (161, 'designing', 'designing', 0), (162, 'back-end', 'back-end', 0), (163, 'Education', 'education', 0), (164, 'js', 'js', 0), (165, 'my sql', 'my-sql', 0), (166, 'linux', 'linux', 0), (167, 'it staff', 'it-staff', 0), (168, 'IT Assistant', 'it-assistant', 0), (169, 'Information tech', 'information-tech', 0), (170, 'HR', 'hr', 0), (171, 'Analytical skills', 'analytical-skills', 0), (172, 'trainings', 'trainings', 0), (173, 'communication skills', 'communication-skills', 0), (174, 'Hesse', 'hesse', 0), (175, 'Frankfurt', 'frankfurt', 0), (176, 'Wiesbaden', 'wiesbaden', 0), (177, 'Kassel', 'kassel', 0), (178, 'Brandenburg Gate', 'brandenburg-gate', 0), (179, 'Berlin Wall', 'berlin-wall', 0), (180, 'Museum Island', 'museum-island', 0), (181, 'Miniatur Wunderland', 'miniatur-wunderland', 0), (182, 'Alster', 'alster', 0), (183, 'Victoria', 'victoria', 0), (184, 'Abu Dhabi', 'abu-dhabi', 0), (185, 'Sharjah', 'sharjah', 0), (186, 'Qatar', 'qatar', 0), (187, 'Bahrain', 'bahrain', 0), (188, 'Riffa', 'riffa', 0), (189, 'Arad, Bahrain', 'arad-bahrain', 0), (190, 'Muharraq', 'muharraq', 0), (191, 'Food Products', 'food-products', 0), (192, 'R&amp;D manager', 'rd-manager', 0), (193, 'food service', 'food-service', 0), (194, 'sql', 'sql', 0), (195, 'jquery', 'jquery', 0), (196, 'HTML', 'html', 0), (197, 'Stared', 'stared', 0), (198, 'cooking', 'cooking', 0), (199, 'chef', 'chef', 0), (200, 'Continental', 'continental', 0), (201, 'fast food', 'fast-food', 0), (202, 'backup engineer', 'backup-engineer', 0), (203, 'Main Menu', 'main-menu', 0), (204, 'Development', 'development', 0), (205, 'Games', 'games', 0), (206, 'Apps', 'apps', 0), (207, 'Model Town', 'model-town', 0), (208, 'IOS', 'ios', 0), (209, 'Android', 'andriod', 0), (210, 'React Native', 'react-native', 0);

INSERT INTO `wp_term_relationships` (`object_id`, `term_taxonomy_id`, `term_order`) VALUES (0, 117, 0), (0, 168, 0), (0, 169, 0), (1, 1, 0), (24, 2, 0), (27, 3, 0), (31, 3, 0), (79, 5, 0), (86, 6, 0), (101, 7, 0), (111, 3, 0), (119, 2, 0), (127, 3, 0), (132, 5, 0), (136, 1, 0), (137, 4, 0), (142, 1, 0), (144, 3, 0), (243, 89, 0), (243, 102, 0), (252, 89, 0), (252, 102, 0), (253, 89, 0), (253, 102, 0), (254, 89, 0), (254, 102, 0), (268, 18, 0), (268, 20, 0), (268, 25, 0), (268, 33, 0), (268, 34, 0), (268, 40, 0), (268, 41, 0), (268, 43, 0), (268, 51, 0), (268, 53, 0), (268, 58, 0), (268, 63, 0), (268, 66, 0), (268, 104, 0), (268, 107, 0), (268, 108, 0), (268, 109, 0), (268, 110, 0), (269, 24, 0), (269, 27, 0), (269, 29, 0), (269, 34, 0), (269, 38, 0), (269, 40, 0), (269, 41, 0), (269, 43, 0), (269, 47, 0), (269, 57, 0), (269, 60, 0), (269, 64, 0), (269, 66, 0), (269, 67, 0), (269, 68, 0), (269, 69, 0), (269, 84, 0), (269, 103, 0), (269, 111, 0), (269, 112, 0), (269, 113, 0), (283, 20, 0), (283, 25, 0), (283, 31, 0), (283, 34, 0), (283, 50, 0), (283, 53, 0), (283, 58, 0), (283, 86, 0), (283, 103, 0), (283, 114, 0), (283, 116, 0), (283, 117, 0), (285, 9, 0), (285, 20, 0), (285, 26, 0), (285, 30, 0), (285, 34, 0), (285, 40, 0), (285, 44, 0), (285, 48, 0), (285, 56, 0), (285, 58, 0), (285, 66, 0), (285, 104, 0), (285, 118, 0), (285, 119, 0), (285, 120, 0), (285, 121, 0), (294, 10, 0), (294, 24, 0), (294, 26, 0), (294, 30, 0), (294, 34, 0), (294, 50, 0), (294, 53, 0), (294, 59, 0), (294, 65, 0), (294, 66, 0), (294, 104, 0), (294, 122, 0), (294, 123, 0), (294, 124, 0), (294, 125, 0), (294, 126, 0), (294, 127, 0), (294, 128, 0), (296, 13, 0), (296, 20, 0), (296, 26, 0), (296, 30, 0), (296, 35, 0), (296, 44, 0), (296, 45, 0), (296, 46, 0), (296, 49, 0), (296, 53, 0), (296, 58, 0), (296, 66, 0), (296, 103, 0), (296, 129, 0), (296, 130, 0), (296, 131, 0), (297, 8, 0), (297, 20, 0), (297, 26, 0), (297, 32, 0), (297, 34, 0), (297, 42, 0), (297, 43, 0), (297, 48, 0), (297, 54, 0), (297, 58, 0), (297, 63, 0), (297, 103, 0), (297, 132, 0), (297, 136, 0), (297, 137, 0), (297, 138, 0), (298, 20, 0), (298, 28, 0), (298, 32, 0), (298, 34, 0), (298, 40, 0), (298, 50, 0), (298, 53, 0), (298, 58, 0), (298, 65, 0), (298, 66, 0), (298, 84, 0), (298, 104, 0), (298, 114, 0), (298, 118, 0), (298, 126, 0), (298, 139, 0), (301, 21, 0), (301, 28, 0), (301, 32, 0), (301, 35, 0), (301, 49, 0), (301, 54, 0), (301, 59, 0), (301, 70, 0), (301, 71, 0), (301, 80, 0), (301, 104, 0), (301, 110, 0), (301, 114, 0), (301, 140, 0), (301, 141, 0), (303, 11, 0), (303, 20, 0), (303, 28, 0), (303, 32, 0), (303, 34, 0), (303, 50, 0), (303, 57, 0), (303, 58, 0), (303, 76, 0), (303, 77, 0), (303, 103, 0), (303, 114, 0), (303, 142, 0), (303, 143, 0), (304, 11, 0), (304, 20, 0), (304, 28, 0), (304, 32, 0), (304, 34, 0), (304, 49, 0), (304, 57, 0), (304, 60, 0), (304, 76, 0), (304, 77, 0), (304, 104, 0), (304, 114, 0), (304, 142, 0), (304, 143, 0), (312, 13, 0), (312, 20, 0), (312, 28, 0), (312, 32, 0), (312, 34, 0), (312, 45, 0), (312, 46, 0), (312, 49, 0), (312, 54, 0), (312, 58, 0), (312, 104, 0), (312, 132, 0), (312, 146, 0), (312, 147, 0), (312, 148, 0), (312, 149, 0), (314, 20, 0), (314, 26, 0), (314, 31, 0), (314, 34, 0), (314, 49, 0), (314, 54, 0), (314, 58, 0), (314, 81, 0), (314, 103, 0), (314, 132, 0), (314, 133, 0), (314, 134, 0), (314, 151, 0), (314, 153, 0), (314, 154, 0), (314, 155, 0), (314, 156, 0), (314, 157, 0), (314, 158, 0), (315, 19, 0), (315, 26, 0), (315, 33, 0), (315, 36, 0), (315, 38, 0), (315, 44, 0), (315, 50, 0), (315, 54, 0), (315, 59, 0), (315, 70, 0), (315, 71, 0), (315, 87, 0), (315, 104, 0), (315, 122, 0), (315, 127, 0), (315, 159, 0), (315, 160, 0), (315, 161, 0), (315, 162, 0), (317, 22, 0), (317, 26, 0), (317, 32, 0), (317, 37, 0), (317, 38, 0), (317, 39, 0), (317, 45, 0), (317, 49, 0), (317, 56, 0), (317, 58, 0), (317, 73, 0), (317, 83, 0), (317, 104, 0), (317, 114, 0), (317, 151, 0), (317, 160, 0), (317, 164, 0), (317, 165, 0), (317, 166, 0), (317, 167, 0), (317, 187, 0), (317, 188, 0), (318, 9, 0), (318, 21, 0), (318, 28, 0), (318, 30, 0), (318, 37, 0), (318, 52, 0), (318, 56, 0), (318, 59, 0), (318, 76, 0), (318, 104, 0), (318, 114, 0), (318, 153, 0), (318, 154, 0), (318, 155, 0), (318, 168, 0), (318, 169, 0), (318, 174, 0), (320, 12, 0), (320, 20, 0), (320, 25, 0), (320, 30, 0), (320, 35, 0), (320, 52, 0), (320, 53, 0), (320, 58, 0), (320, 64, 0), (320, 73, 0), (320, 104, 0), (320, 155, 0), (320, 170, 0), (320, 171, 0), (320, 172, 0), (320, 173, 0), (320, 184, 0), (324, 24, 0), (324, 25, 0), (324, 31, 0), (324, 36, 0), (324, 48, 0), (324, 54, 0), (324, 59, 0), (324, 86, 0), (324, 104, 0), (324, 132, 0), (324, 151, 0), (324, 153, 0), (324, 171, 0), (324, 192, 0), (324, 193, 0), (325, 19, 0), (325, 28, 0), (325, 33, 0), (325, 37, 0), (325, 38, 0), (325, 39, 0), (325, 40, 0), (325, 44, 0), (325, 49, 0), (325, 57, 0), (325, 60, 0), (325, 76, 0), (325, 82, 0), (325, 105, 0), (325, 106, 0), (325, 120, 0), (325, 159, 0), (325, 160, 0), (325, 194, 0), (325, 195, 0), (325, 196, 0), (339, 20, 0), (339, 28, 0), (339, 33, 0), (339, 35, 0), (339, 52, 0), (339, 53, 0), (339, 59, 0), (339, 86, 0), (339, 103, 0), (339, 116, 0), (339, 128, 0), (339, 144, 0), (339, 151, 0), (339, 198, 0), (339, 199, 0), (339, 200, 0), (339, 201, 0), (340, 13, 0), (340, 21, 0), (340, 26, 0), (340, 31, 0), (340, 34, 0), (340, 51, 0), (340, 53, 0), (340, 61, 0), (340, 104, 0), (340, 119, 0), (340, 152, 0), (340, 153, 0), (340, 172, 0), (340, 173, 0), (340, 202, 0), (403, 203, 0), (404, 203, 0), (405, 203, 0), (406, 203, 0), (407, 203, 0), (432, 203, 0), (474, 203, 0), (475, 203, 0), (476, 203, 0), (477, 203, 0), (478, 203, 0), (479, 203, 0), (486, 203, 0); 

INSERT INTO `wp_term_taxonomy` (`term_taxonomy_id`, `term_id`, `taxonomy`, `description`, `parent`, `count`) VALUES (1, 1, 'category', '', 0, 1), (2, 2, 'category', '', 0, 2), (3, 3, 'category', '', 0, 5), (4, 4, 'category', '', 0, 1), (5, 5, 'category', '', 0, 2), (6, 6, 'category', '', 0, 1), (7, 7, 'category', '', 0, 1), (8, 8, 'job_category', '', 0, 1), (9, 9, 'job_category', '', 0, 2), (10, 10, 'job_category', '', 0, 1), (11, 11, 'job_category', '', 0, 1), (12, 12, 'job_category', '', 0, 1), (13, 13, 'job_category', '', 0, 3), (14, 14, 'job_category', '', 0, 0), (15, 15, 'job_category', '', 0, 0), (16, 16, 'job_category', '', 0, 0), (17, 17, 'job_category', '', 0, 0), (18, 18, 'job_category', '', 0, 1), (19, 19, 'job_type', '', 0, 2), (20, 20, 'job_type', '', 0, 11), (21, 21, 'job_type', '', 0, 3), (22, 22, 'job_type', '', 0, 1), (23, 23, 'job_type', '', 0, 0), (24, 24, 'job_type', '', 0, 3), (25, 25, 'job_level', '', 0, 4), (26, 26, 'job_level', '', 0, 8), (27, 27, 'job_level', '', 0, 1), (28, 28, 'job_level', '', 0, 7), (29, 29, 'job_salary', '', 0, 1), (30, 30, 'job_salary', '', 0, 5), (31, 31, 'job_salary', '', 0, 4), (32, 32, 'job_salary', '', 0, 6), (33, 33, 'job_salary', '', 0, 4), (34, 34, 'job_salary_type', '', 0, 11), (35, 35, 'job_salary_type', '', 0, 4), (36, 36, 'job_salary_type', '', 0, 2), (37, 37, 'job_salary_type', '', 0, 3), (38, 38, 'job_skills', '', 0, 4), (39, 39, 'job_skills', '', 0, 2), (40, 40, 'job_skills', '', 0, 5), (41, 41, 'job_skills', '', 0, 2), (42, 42, 'job_skills', '', 0, 1), (43, 43, 'job_skills', '', 0, 3), (44, 44, 'job_skills', '', 0, 4), (45, 45, 'job_skills', '', 0, 3), (46, 46, 'job_skills', '', 0, 2), (47, 47, 'job_experience', '', 0, 1), (48, 48, 'job_experience', '', 0, 3), (49, 49, 'job_experience', '', 0, 7), (50, 50, 'job_experience', '', 0, 4), (51, 51, 'job_experience', '', 0, 2), (52, 52, 'job_experience', '', 0, 3), (53, 53, 'job_currency', '', 0, 8), (54, 54, 'job_currency', '', 0, 6), (55, 55, 'job_currency', '', 0, 0), (56, 56, 'job_currency', '', 0, 3), (57, 57, 'job_currency', '', 0, 3), (58, 58, 'job_shift', '', 0, 10), (59, 59, 'job_shift', '', 0, 6), (60, 60, 'job_shift', '', 0, 3), (61, 61, 'job_shift', '', 0, 1), (62, 62, 'job_class', '', 0, 0), (63, 63, 'job_class', '', 0, 2), (64, 64, 'job_class', '', 0, 2), (65, 65, 'job_class', '', 0, 2), (66, 66, 'ad_location', '', 0, 6), (67, 67, 'ad_location', '', 66, 1), (68, 68, 'ad_location', '', 67, 1), (69, 69, 'ad_location', '', 68, 1), (70, 70, 'ad_location', '', 0, 2), (71, 71, 'ad_location', '', 70, 2), (72, 72, 'ad_location', '', 0, 0), (73, 73, 'ad_location', '', 0, 2), (74, 74, 'ad_location', '', 73, 0), (75, 75, 'ad_location', '', 74, 0), (76, 76, 'ad_location', '', 0, 3), (77, 77, 'ad_location', '', 76, 1), (78, 78, 'ad_location', '', 76, 0), (79, 79, 'job_category', '', 0, 0), (80, 80, 'job_category', '', 0, 1), (81, 81, 'job_category', '', 0, 1), (82, 82, 'job_category', '', 0, 1), (83, 83, 'job_category', '', 0, 1), (84, 84, 'job_category', '', 0, 2), (85, 85, 'job_category', '', 0, 0), (86, 86, 'job_category', '', 0, 3), (87, 87, 'job_category', '', 0, 1), (88, 88, 'job_category', '', 0, 0), (89, 89, 'product_type', '', 0, 4), (90, 90, 'product_type', '', 0, 0), (91, 91, 'product_type', '', 0, 0), (92, 92, 'product_type', '', 0, 0), (93, 93, 'product_visibility', '', 0, 0), (94, 94, 'product_visibility', '', 0, 0), (95, 95, 'product_visibility', '', 0, 0), (96, 96, 'product_visibility', '', 0, 0), (97, 97, 'product_visibility', '', 0, 0), (98, 98, 'product_visibility', '', 0, 0), (99, 99, 'product_visibility', '', 0, 0), (100, 100, 'product_visibility', '', 0, 0), (101, 101, 'product_visibility', '', 0, 0), (102, 102, 'product_cat', '', 0, 4), (103, 103, 'job_qualifications', '', 0, 6), (104, 104, 'job_qualifications', '', 0, 13), (105, 105, 'job_qualifications', '', 0, 1), (106, 106, 'job_category', '', 82, 1), (107, 107, 'job_category', '', 82, 1), (108, 108, 'job_tags', '', 0, 1), (109, 109, 'job_tags', '', 0, 1), (110, 110, 'job_tags', '', 0, 2), (111, 111, 'job_tags', '', 0, 1), (112, 112, 'job_tags', '', 0, 1), (113, 113, 'job_tags', '', 0, 1), (114, 114, 'job_skills', '', 0, 6), (116, 116, 'ad_location', '', 0, 2), (117, 117, 'job_tags', '', 0, 1), (118, 118, 'job_tags', '', 0, 2), (119, 119, 'job_tags', '', 0, 2), (120, 120, 'job_tags', '', 0, 2), (121, 121, 'job_tags', '', 0, 1), (122, 122, 'job_tags', '', 0, 2), (123, 123, 'job_tags', '', 0, 1), (124, 124, 'job_tags', '', 0, 1), (125, 125, 'job_tags', '', 0, 1), (126, 126, 'job_tags', '', 0, 2), (127, 127, 'job_skills', '', 0, 2), (128, 128, 'job_skills', '', 0, 2), (129, 129, 'job_tags', '', 0, 1), (130, 130, 'job_tags', '', 0, 1), (131, 131, 'job_tags', '', 0, 1), (132, 132, 'ad_location', '', 0, 4), (133, 133, 'ad_location', '', 132, 1), (134, 134, 'ad_location', '', 133, 1), (136, 136, 'job_tags', '', 0, 1), (137, 137, 'job_tags', '', 0, 1), (138, 138, 'job_tags', '', 0, 1), (139, 139, 'job_tags', '', 0, 1), (140, 140, 'job_tags', '', 0, 1), (141, 141, 'job_tags', '', 0, 1), (142, 142, 'job_tags', '', 0, 1), (143, 143, 'job_tags', '', 0, 1), (144, 144, 'job_skills', '', 0, 1), (145, 145, 'job_skills', '', 0, 0), (146, 146, 'job_tags', '', 0, 1), (147, 147, 'job_tags', '', 0, 1), (148, 148, 'job_tags', '', 0, 1), (149, 149, 'job_tags', '', 0, 1), (150, 150, 'job_tags', '', 0, 0), (151, 151, 'job_skills', '', 0, 4), (152, 152, 'job_skills', '', 0, 1), (153, 153, 'job_skills', '', 0, 4), (154, 154, 'job_skills', '', 0, 2), (155, 155, 'job_skills', '', 0, 3), (156, 156, 'job_skills', '', 0, 1), (157, 157, 'job_tags', '', 0, 1), (158, 158, 'job_tags', '', 0, 1), (159, 159, 'job_tags', '', 0, 2), (160, 160, 'job_tags', '', 0, 3), (161, 161, 'job_tags', '', 0, 1), (162, 162, 'job_tags', '', 0, 1), (163, 163, 'job_skills', '', 0, 0), (164, 164, 'job_tags', '', 0, 1), (165, 165, 'job_tags', '', 0, 1), (166, 166, 'job_tags', '', 0, 1), (167, 167, 'job_tags', '', 0, 1), (168, 168, 'job_tags', '', 0, 1), (169, 169, 'job_tags', '', 0, 1), (170, 170, 'job_tags', '', 0, 1), (171, 171, 'job_skills', '', 0, 2), (172, 172, 'job_skills', '', 0, 2), (173, 173, 'job_skills', '', 0, 2), (174, 174, 'ad_location', '', 76, 1), (175, 175, 'ad_location', '', 78, 0), (176, 176, 'ad_location', '', 78, 0), (177, 177, 'ad_location', '', 78, 0), (178, 178, 'ad_location', '', 174, 0), (179, 179, 'ad_location', '', 174, 0), (180, 180, 'ad_location', '', 174, 0), (181, 181, 'ad_location', '', 77, 0), (182, 182, 'ad_location', '', 77, 0), (183, 183, 'ad_location', '', 116, 0), (184, 184, 'ad_location', '', 73, 1), (185, 185, 'ad_location', '', 73, 0), (186, 186, 'ad_location', '', 73, 0), (187, 187, 'ad_location', '', 73, 1), (188, 188, 'ad_location', '', 187, 1), (189, 189, 'ad_location', '', 187, 0), (190, 190, 'ad_location', '', 187, 0), (191, 191, 'job_skills', '', 0, 0), (192, 192, 'job_tags', '', 0, 1), (193, 193, 'job_tags', '', 0, 1), (194, 194, 'job_tags', '', 0, 1), (195, 195, 'job_tags', '', 0, 1), (196, 196, 'job_tags', '', 0, 1), (197, 197, 'job_class', '', 0, 0), (198, 198, 'job_skills', '', 0, 1), (199, 199, 'job_tags', '', 0, 1), (200, 200, 'job_tags', '', 0, 1), (201, 201, 'job_tags', '', 0, 1), (202, 202, 'job_tags', '', 0, 1), (203, 203, 'nav_menu', '', 0, 13), (204, 204, 'job_category', '', 0, 0), (205, 205, 'job_category', '', 204, 0), (206, 206, 'job_category', '', 204, 0), (207, 207, 'ad_location', '', 134, 0), (208, 208, 'job_category', '', 206, 0), (209, 209, 'job_category', '', 206, 0), (210, 210, 'job_category', '', 209, 0);